{"schemaVersion":"1.0","appDefinitionTemplate":{"id":"/providers/Microsoft.PowerApps/apps/","type":"Microsoft.PowerApps/apps","tags":{"primaryDeviceWidth":"640","primaryDeviceHeight":"1136","sienaVersion":"20210527T112738Z-3.21052.17.0","deviceCapabilities":"webcam","supportsPortrait":"true","supportsLandscape":"false","primaryFormFactor":"Phone","publisherVersion":"3.21052.17","minimumRequiredApiVersion":"2.2.0","hasComponent":"false","hasUnlockedComponent":"false","isUnifiedRootApp":"false"},"properties":{"appVersion":"2021-05-27T11:27:38Z","lifeCycleId":"Published","createdByClientVersion":{"major":3,"minor":21052,"build":17,"revision":0,"majorRevision":0,"minorRevision":0},"minClientVersion":{"major":3,"minor":21052,"build":17,"revision":0,"majorRevision":0,"minorRevision":0},"backgroundColor":"rgba(255, 255, 255, 1)","backgroundImageUri":"/107463207984219370/Nf2119d3f-3ac7-477f-a36a-fd0779908884-logoSmallFile","displayName":"Safescan","description":"","commitMessage":"","appUris":{"documentUri":{"value":"/107463207984219370/Nbe0c98cf-008c-4814-bc1b-66b258fc3671-document.msapp"},"imageUris":[]},"createdTime":"0001-01-01T00:00:00Z","lastModifiedTime":"0001-01-01T00:00:00Z","sharedGroupsCount":0,"sharedUsersCount":0,"icons":{"smallIconUri":"/107463207984219370/Na1a7e944-e23d-4ec5-98af-a6acac476623-small.png","mediumIconUri":"/107463207984219370/N3a7eb09b-6531-4110-8b22-9d7f9284d7a6-medium.png","largeIconUri":"/107463207984219370/Nf463d26c-ee96-440d-b310-1c87727da310-large.png","wideIconUri":"/107463207984219370/N4be643fa-a290-43e4-90be-b56c73da5c2f-wide.png"},"connectionReferences":{"3e70d442-0aed-4e70-87ca-450dc1348245":{"id":"ae25b702-5419-471a-bb01-76c2148dfb9e","displayName":"SharePoint","iconUri":"https://connectoricons-prod.azureedge.net/releases/v1.0.1472/1.0.1472.2427/sharepointonline/icon.png","dataSources":["Shops","People Visiting"],"dependencies":[],"dependents":[],"parameterHints":{},"isOnPremiseConnection":false,"bypassConsent":false,"dataSets":{"https://saisunny.sharepoint.com/sites/testsite":{"dataSources":{"Shops":{"tableName":"a3ecad02-a2ee-4f40-835b-a0addaff05dc"},"People Visiting":{"tableName":"ecc9a244-94ad-4cf0-b420-a0a7e522ce02"}}}},"apiTier":"Standard","isCustomApiConnection":false},"a86c388f-6651-4fcc-af0e-f8e3cd071079":{"id":"6a940127-6785-46f7-8907-3b8a85397785","displayName":"Office 365 Users","iconUri":"https://connectoricons-prod.azureedge.net/releases/v1.0.1472/1.0.1472.2427/office365users/icon.png","dataSources":["Office365Users"],"dependencies":[],"dependents":[],"parameterHints":{},"isOnPremiseConnection":false,"bypassConsent":false,"dataSets":{},"apiTier":"Standard","isCustomApiConnection":false}},"databaseReferences":{},"almMode":"Environment","performanceOptimizationEnabled":true,"canConsumeAppPass":true,"executionRestrictions":{"isTeamsOnly":false,"dataLossPreventionEvaluationResult":{"status":"Compliant","lastEvaluationDate":"2021-05-26T10:26:51.4161434Z","violations":[],"violationsByPolicy":[],"violationErrorMessage":"The app uses the following connectors: shared_sharepointonline."}}},"appType":"ClassicCanvasApp","appComponents":[]}}