{"schemaVersion":"1.0","appDefinitionTemplate":{"id":"/providers/Microsoft.PowerApps/apps/","type":"Microsoft.PowerApps/apps","tags":{"primaryDeviceWidth":"1136","primaryDeviceHeight":"640","sienaVersion":"20210527T145608Z-3.21052.17.0","deviceCapabilities":"","supportsPortrait":"false","supportsLandscape":"true","primaryFormFactor":"Phone","publisherVersion":"3.21052.17","minimumRequiredApiVersion":"2.2.0","hasComponent":"false","hasUnlockedComponent":"false","isUnifiedRootApp":"false"},"properties":{"appVersion":"2021-05-27T14:56:08Z","lifeCycleId":"Published","createdByClientVersion":{"major":3,"minor":21052,"build":17,"revision":0,"majorRevision":0,"minorRevision":0},"minClientVersion":{"major":3,"minor":21052,"build":17,"revision":0,"majorRevision":0,"minorRevision":0},"backgroundColor":"rgba(0, 176, 240, 1)","backgroundImageUri":"/5089175333156631427/Ne477466b-eb07-46ac-a70c-8462c0dce676-logoSmallFile","displayName":"Admin Portal for SafeScan","description":"","commitMessage":"","appUris":{"documentUri":{"value":"/5089175333156631427/N8234c4ab-1e34-497a-961a-7865d46117d2-document.msapp"},"imageUris":[]},"createdTime":"0001-01-01T00:00:00Z","lastModifiedTime":"0001-01-01T00:00:00Z","sharedGroupsCount":0,"sharedUsersCount":0,"icons":{"smallIconUri":"/5089175333156631427/Nb3482591-d14c-414d-9229-e9e05d8e52de-small.png","mediumIconUri":"/5089175333156631427/N79e6bb63-006c-40db-acf7-b60d50732cf9-medium.png","largeIconUri":"/5089175333156631427/Nb1dafd32-75ae-4322-9f46-522e00685e25-large.png","wideIconUri":"/5089175333156631427/Nc8b908e9-5761-4221-a560-bc6961de32ed-wide.png"},"connectionReferences":{"bab796fd-47f3-4323-9190-b6a1c08f1f71":{"id":"ae25b702-5419-471a-bb01-76c2148dfb9e","displayName":"SharePoint","iconUri":"https://connectoricons-prod.azureedge.net/releases/v1.0.1472/1.0.1472.2427/sharepointonline/icon.png","dataSources":["People Visiting"],"dependencies":[],"dependents":[],"parameterHints":{},"isOnPremiseConnection":false,"bypassConsent":false,"dataSets":{"https://saisunny.sharepoint.com/sites/testsite":{"dataSources":{"People Visiting":{"tableName":"ecc9a244-94ad-4cf0-b420-a0a7e522ce02"}}}},"apiTier":"Standard","isCustomApiConnection":false},"3fabfafd-0004-44c3-b292-04aba77694a2":{"id":"ae25b702-5419-471a-bb01-76c2148dfb9e","displayName":"SharePoint","iconUri":"https://connectoricons-prod.azureedge.net/releases/v1.0.1472/1.0.1472.2427/sharepointonline/icon.png","dataSources":["Shops"],"dependencies":[],"dependents":[],"parameterHints":{},"isOnPremiseConnection":false,"bypassConsent":false,"dataSets":{"https://saisunny.sharepoint.com/sites/testsite":{"dataSources":{"Shops":{"tableName":"a3ecad02-a2ee-4f40-835b-a0addaff05dc"}}}},"apiTier":"Standard","isCustomApiConnection":false},"9d59fddf-6c09-44f4-bb21-c0ac8249b294":{"id":"7db3ce61-1d73-4a74-9544-85e6307b691a","displayName":"Gmail","iconUri":"https://connectoricons-prod.azureedge.net/releases/v1.0.1472/1.0.1472.2427/gmail/icon.png","dataSources":["Gmail"],"dependencies":[],"dependents":[],"parameterHints":{},"isOnPremiseConnection":false,"bypassConsent":false,"dataSets":{},"apiTier":"Standard","isCustomApiConnection":false,"authenticationType":"shared-application","actions":["SendEmail"]}},"databaseReferences":{},"almMode":"Environment","performanceOptimizationEnabled":true,"canConsumeAppPass":true,"executionRestrictions":{"isTeamsOnly":false,"dataLossPreventionEvaluationResult":{"status":"Compliant","lastEvaluationDate":"2021-05-27T12:49:54.3539619Z","violations":[],"violationsByPolicy":[],"violationErrorMessage":"The app uses the following connectors: shared_sharepointonline, shared_gmail."}}},"appType":"ClassicCanvasApp","appComponents":[]}}